Id,ParentId,HealthCloudGA__PrimaryContact__c,Errors
0015e00000Gc3NKAAZ,,0035e00000CpqSmAAJ,
0015e00000Gc3VjAAJ,,0035e00000CpqSrAAJ,
0015e00000Gc3VkAAJ,,0035e00000CpqSqAAJ,
0015e00000Gc3VlAAJ,,0035e00000CpqSpAAJ,
0015e00000Gc3VnAAJ,,0035e00000CpqSiAAJ,
0015e00000Gc3VoAAJ,,0035e00000CpqSwAAJ,
0015e00000Gc3VpAAJ,,0035e00000CpqSvAAJ,
0015e00000Gc3VqAAJ,,0035e00000CpqSuAAJ,
0015e00000Gc3VrAAJ,,0035e00000CpqStAAJ,
0015e00000Gc3VsAAJ,,0035e00000CpqSsAAJ,
0015e00000Gc3VvAAJ,,0035e00000CpqSgAAJ,
0015e00000Gc3VwAAJ,,0035e00000CpqSfAAJ,
0015e00000Gc3VxAAJ,,0035e00000CpqSeAAJ,
0015e00000Gc3VyAAJ,,0035e00000CpqSdAAJ,
0015e00000Gc3VzAAJ,,0035e00000CpqScAAJ,
